generation,fitness,mAP50,mAP50-95,precision,recall,lr0,lrf,momentum,weight_decay,warmup_epochs,box,cls,dfl,hsv_h,hsv_s,hsv_v,degrees,flipud,fliplr,mosaic,mixup
1,0.5208330021130119,0.7815940043709115,0.4918595574176896,0.7167310176918972,0.7258378197516124,0.0070240202144418945,0.11576526494723792,0.9565408328183164,0.0006332995115842057,1.8602177759743461,6.195990657508017,0.7348304189318235,1.852513558717607,0.03075107086241766,0.6166051673354019,0.5045201492123956,45.49247780839001,0.4931181234112046,0.5247234724103393,0.6940757974249503,0.08868895448439906
2,0.5463667388104358,0.8093188450651724,0.5171498381154651,0.7260558522837605,0.7494578664272308,0.007274911500241468,0.1504367120707353,0.85,0.0006519944661428601,1.5430568042748045,6.1963312631399265,0.8479190735755505,1.8089985975732903,0.030605406988603732,0.6767080623551754,0.6,41.328149690006576,0.43724843127656415,0.4974573843993227,0.7093829559573914,0.08231069268757654
3,0.5185127707797806,0.8319439767619653,0.4836870812262046,0.7852399276820621,0.7559555122960392,0.006037648574044911,0.16421245545102164,0.8992188647944778,0.0008558097485108871,1.4559083487078235,6.4104173061657725,0.9345606264177334,2.0898795688601357,0.030462355105895154,0.8,0.509533177446936,36.72963029704711,0.44952141681577984,0.4427734998593601,0.5622299638992435,0.10061447736590273
4,0.5501892121195089,0.8150566177028212,0.5207595003880297,0.7103999862144079,0.6999121228723161,0.006132627225688431,0.17960859993595032,0.85,0.0006036723502352629,1.505436755011522,6.64786604330964,0.8978388859374382,1.8691000483553342,0.026679363556145315,0.8,0.6,37.991513514247465,0.3999567350756486,0.6024710049686889,0.7776758395861818,0.07113578270715533
5,0.5150307373033661,0.7656304580957471,0.4871863238819904,0.7238944150549611,0.6659900291256542,0.006795675473501372,0.14665719207072136,0.98,0.0005026438614993831,1.1925967851338417,5.321955750178674,0.9034225382768819,1.753854497252152,0.023592580116089196,0.8,0.5275813639644233,39.43641459090525,0.4389013870632584,0.6349086938256943,0.6516373568272543,0.08076469832290506
6,0.5294487533417379,0.8366585530077938,0.49531433115662055,0.764687929734675,0.7246971214739124,0.0068531950266162425,0.16050847169937868,0.9248230301639978,0.0004568579223841226,1.6584346945019335,6.673897903736851,0.67181463647004,1.9627344192904577,0.02454846734614334,0.8,0.6,51.115609286455275,0.44369342783028215,0.5244728853305695,0.8133281759337809,0.0737305771917656
7,0.5467075643218662,0.8437984861206562,0.5136974618997784,0.7483288136655717,0.7381564534642561,0.006350638104004735,0.1850178847758798,0.8918002043843906,0.0006647475589395996,1.4661320878131903,7.425805691433416,0.8462232778722473,1.7543414686344974,0.028054174584241615,0.8,0.5115501602761169,50.708537692623885,0.3416794852025244,0.46489679250604304,0.9099238533652159,0.07677172922277437
8,0.4853372623160869,0.7594048972339429,0.4548853028807696,0.6961448894274451,0.6493645470711864,0.00609060970220318,0.179943237436386,0.8619375680531717,0.0007160289901939123,1.2575606416152785,5.0,0.8466481302140314,1.4019953546709476,0.015726172475875707,0.8,0.6,34.41952061131626,0.37649393512321633,0.7,0.9094940002740945,0.08071559920261152
9,0.49873675209948853,0.7438347087687858,0.47150364580289994,0.6859583992225897,0.6462707213938195,0.007999592914315054,0.1514183552269404,0.85,0.00045580969019816197,1.6865700103657724,5.0,0.9798372488223746,1.949417049702771,0.02585580242473529,0.8,0.5507466100527341,40.82222483288265,0.32582789820128544,0.5303165505838003,0.8656451424029099,0.06289782538357126
10,0.5595636562665609,0.8419359028681894,0.5281889621997132,0.7943564875403026,0.7511802491047203,0.006181990083357729,0.12262472460800367,0.85,0.0006999016844149692,1.9010687910924526,7.341451261056109,0.918533286741501,1.9160999458830295,0.023614184518199435,0.8,0.6,34.92611606338317,0.30698652577484253,0.6418050947696942,0.924645338521305,0.06635654273152118
